,SinglingOut_univariate_Risk,SinglingOut_univariate_Risk_CI_btm,SinglingOut_univariate_Risk_CI_top,SinglingOut_univariate_Attack_Rate,SinglingOut_univariate_Attack_Rate_err,SinglingOut_univariate_Baseline_Rate,SinglingOut_univariate_Baseline_Rate_err,SinglingOut_univariate_Control_Rate,SinglingOut_univariate_Control_Rate_err,Linkability_Risk,Linkability_Risk_CI_btm,Linkability_Risk_CI_top,Linkability_Attack_Rate,Linkability_Attack_Rate_err,Linkability_Baseline_Rate,Linkability_Baseline_Rate_err,Linkability_Control_Rate,Linkability_Control_Rate_err,Inference_age_Risk,Inference_age_Risk_CI_btm,Inference_age_Risk_CI_top,Inference_age_Attack_Rate,Inference_age_Attack_Rate_err,Inference_age_Baseline_Rate,Inference_age_Baseline_Rate_err,Inference_age_Control_Rate,Inference_age_Control_Rate_err,Inference_workclass_Risk,Inference_workclass_Risk_CI_btm,Inference_workclass_Risk_CI_top,Inference_workclass_Attack_Rate,Inference_workclass_Attack_Rate_err,Inference_workclass_Baseline_Rate,Inference_workclass_Baseline_Rate_err,Inference_workclass_Control_Rate,Inference_workclass_Control_Rate_err,Inference_fnlwgt_Risk,Inference_fnlwgt_Risk_CI_btm,Inference_fnlwgt_Risk_CI_top,Inference_fnlwgt_Attack_Rate,Inference_fnlwgt_Attack_Rate_err,Inference_fnlwgt_Baseline_Rate,Inference_fnlwgt_Baseline_Rate_err,Inference_fnlwgt_Control_Rate,Inference_fnlwgt_Control_Rate_err,Inference_education_Risk,Inference_education_Risk_CI_btm,Inference_education_Risk_CI_top,Inference_education_Attack_Rate,Inference_education_Attack_Rate_err,Inference_education_Baseline_Rate,Inference_education_Baseline_Rate_err,Inference_education_Control_Rate,Inference_education_Control_Rate_err,Inference_educational-num_Risk,Inference_educational-num_Risk_CI_btm,Inference_educational-num_Risk_CI_top,Inference_educational-num_Attack_Rate,Inference_educational-num_Attack_Rate_err,Inference_educational-num_Baseline_Rate,Inference_educational-num_Baseline_Rate_err,Inference_educational-num_Control_Rate,Inference_educational-num_Control_Rate_err,Inference_marital-status_Risk,Inference_marital-status_Risk_CI_btm,Inference_marital-status_Risk_CI_top,Inference_marital-status_Attack_Rate,Inference_marital-status_Attack_Rate_err,Inference_marital-status_Baseline_Rate,Inference_marital-status_Baseline_Rate_err,Inference_marital-status_Control_Rate,Inference_marital-status_Control_Rate_err,Inference_occupation_Risk,Inference_occupation_Risk_CI_btm,Inference_occupation_Risk_CI_top,Inference_occupation_Attack_Rate,Inference_occupation_Attack_Rate_err,Inference_occupation_Baseline_Rate,Inference_occupation_Baseline_Rate_err,Inference_occupation_Control_Rate,Inference_occupation_Control_Rate_err,Inference_relationship_Risk,Inference_relationship_Risk_CI_btm,Inference_relationship_Risk_CI_top,Inference_relationship_Attack_Rate,Inference_relationship_Attack_Rate_err,Inference_relationship_Baseline_Rate,Inference_relationship_Baseline_Rate_err,Inference_relationship_Control_Rate,Inference_relationship_Control_Rate_err,Inference_race_Risk,Inference_race_Risk_CI_btm,Inference_race_Risk_CI_top,Inference_race_Attack_Rate,Inference_race_Attack_Rate_err,Inference_race_Baseline_Rate,Inference_race_Baseline_Rate_err,Inference_race_Control_Rate,Inference_race_Control_Rate_err,Inference_gender_Risk,Inference_gender_Risk_CI_btm,Inference_gender_Risk_CI_top,Inference_gender_Attack_Rate,Inference_gender_Attack_Rate_err,Inference_gender_Baseline_Rate,Inference_gender_Baseline_Rate_err,Inference_gender_Control_Rate,Inference_gender_Control_Rate_err,Inference_capital-gain_Risk,Inference_capital-gain_Risk_CI_btm,Inference_capital-gain_Risk_CI_top,Inference_capital-gain_Attack_Rate,Inference_capital-gain_Attack_Rate_err,Inference_capital-gain_Baseline_Rate,Inference_capital-gain_Baseline_Rate_err,Inference_capital-gain_Control_Rate,Inference_capital-gain_Control_Rate_err,Inference_capital-loss_Risk,Inference_capital-loss_Risk_CI_btm,Inference_capital-loss_Risk_CI_top,Inference_capital-loss_Attack_Rate,Inference_capital-loss_Attack_Rate_err,Inference_capital-loss_Baseline_Rate,Inference_capital-loss_Baseline_Rate_err,Inference_capital-loss_Control_Rate,Inference_capital-loss_Control_Rate_err,Inference_hours-per-week_Risk,Inference_hours-per-week_Risk_CI_btm,Inference_hours-per-week_Risk_CI_top,Inference_hours-per-week_Attack_Rate,Inference_hours-per-week_Attack_Rate_err,Inference_hours-per-week_Baseline_Rate,Inference_hours-per-week_Baseline_Rate_err,Inference_hours-per-week_Control_Rate,Inference_hours-per-week_Control_Rate_err,Inference_native-country_Risk,Inference_native-country_Risk_CI_btm,Inference_native-country_Risk_CI_top,Inference_native-country_Attack_Rate,Inference_native-country_Attack_Rate_err,Inference_native-country_Baseline_Rate,Inference_native-country_Baseline_Rate_err,Inference_native-country_Control_Rate,Inference_native-country_Control_Rate_err,Inference_income_Risk,Inference_income_Risk_CI_btm,Inference_income_Risk_CI_top,Inference_income_Attack_Rate,Inference_income_Attack_Rate_err,Inference_income_Baseline_Rate,Inference_income_Baseline_Rate_err,Inference_income_Control_Rate,Inference_income_Control_Rate_err
[Adult]_SDV_GaussianCoupula_1_1,0.0399588443115189,0.0196966936308877,0.0602209949921501,0.04946145056954472,0.018616342198728514,0.0038121702307761206,0.00381217023077612,0.009898123847837696,0.007787776190075442,0.0010000396368658453,0.0,0.003755417566443358,0.0029546895460639613,0.002176662239012904,0.003952772498782709,0.0025771425751525993,0.001956606593345214,0.00168232767569318,0.0011014177423280618,0.0,0.029484536930497563,0.09654983718664982,0.01820460260760241,0.08758427801301982,0.017415753237259447,0.09555366394513538,0.018119490371371658,0.05688900848669266,0.0,0.13506355319262525,0.48804592110182665,0.030921524492082436,0.5259005042793755,0.030888713667794068,0.4571645506148789,0.030816246070114486,0.0,0.0,0.020478755207709625,0.05271821456001425,0.01371727178474741,0.058695254009100924,0.014441813650384988,0.05271821456001425,0.01371727178474741,0.0,0.0,0.04999337491426638,0.273868674176221,0.027572725259049826,0.2688878079686488,0.02741361661020775,0.27685719390076435,0.02766609782750496,0.0,0.0,0.010005888322610096,0.1095000893263376,0.019258890763785706,0.11049626256785205,0.019336229183338285,0.1294235541566265,0.02071603199361715,0.0,0.0,0.0251897117211317,0.37946303777675217,0.030014604018451883,0.33463524190860217,0.029182923034597963,0.40835206178067107,0.030404339905093346,0.0032753926226032105,0.0,0.0304345043382552,0.09057279773756316,0.0176845538245557,0.07861871883938983,0.016570811778783914,0.08758427801301982,0.017415753237259447,0.008439759528430875,0.0,0.06450442077259477,0.2977768319725677,0.028277132083560794,0.28084188686682215,0.02778818605422888,0.29179979252348104,0.028110009819668574,0.04599097981643166,0.0,0.18900936933101933,0.7520318301031544,0.026696066946950082,0.7370892314804378,0.02721683694019608,0.7400777512049812,0.027116013804192672,0.0,0.0,0.05347116194891027,0.5777015128381267,0.030553178514656488,0.55379335504178,0.03075017879271046,0.6006134973929589,0.030295251151671986,0.003030545690044265,0.0,0.013595635138708673,0.016855977865494236,0.007744999061412563,0.01785215110700868,0.007979909104731292,0.0138674581409509,0.0069898103345473785,0.0,0.0,0.006387902375524477,0.07662637235636093,0.016374567382893564,0.10551539636027983,0.018944368262011745,0.09555366394513538,0.018119490371371658,0.0,0.0,0.02108955771765798,0.08758427801301982,0.017415753237259447,0.09854218366967872,0.01837302187935568,0.0935613174621065,0.017947417894137625,0.0030930362750611795,0.0,0.019568562902824715,0.036779442695783135,0.011507179678670192,0.04972969483547092,0.013336393814663006,0.0337909229712398,0.011033815112528843,0.06212709581216926,0.0,0.18438116726678153,0.699234648302889,0.02835850922010617,0.6623762383668544,0.02924731703526071,0.6793111834726,0.028864807545958354
[Adult]_SDV_GaussianCoupula_1_1_2,0.035712273038596004,0.012502803813034095,0.05892174226415792,0.055415704526775404,0.019685439411070135,0.005796921549853016,0.005443785155293741,0.0204331455615094,0.011795514324937091,0.0004997699235664826,0.0,0.002671651353372558,0.001956606593345214,0.00168232767569318,0.003453731022423335,0.00238542229400942,0.0014575651169858408,0.001369297386280373,0.0,0.0,0.007580974055087265,0.08459575828847649,0.01714073684557719,0.07762254559787538,0.016473097526173024,0.10352304987725094,0.018783914692403744,0.0,0.0,0.06870813063482825,0.49203061406788445,0.030926455439750252,0.5099617324151444,0.030924236610598427,0.5019923464830289,0.0309301531346219,0.002096610272046682,0.0,0.02211446945160153,0.051722041318499806,0.013591778925750997,0.05769908076758647,0.014324267382144481,0.04972969483547092,0.013336393814663006,0.0,0.0,0.0,0.26789163472713434,0.02738126626825558,0.26191459527804767,0.027183411015875358,0.31072708411225547,0.028619439047027725,0.019386016808418952,0.0,0.053200765389802646,0.14336997953782873,0.021635937483274522,0.11448095553390983,0.01964059721747518,0.12643503443208318,0.020508803796878448,0.01131001058353458,0.0,0.08002143976690503,0.39042094343341105,0.030175537063782242,0.3226811630104288,0.02891204919370519,0.38344773074280997,0.030074999373201558,0.0032789725968209774,0.0,0.030605993319923835,0.0915689709790776,0.017772821663994506,0.08758427801301982,0.017415753237259447,0.08858045125453427,0.01750602980215925,0.0,0.0,0.04284956401399678,0.27685719390076435,0.02766609782750496,0.2788495403837932,0.027727484109640706,0.28582275307439436,0.02793697608932328,0.0373244728842313,0.0,0.17865791934657202,0.7430662709295245,0.027013544346675838,0.7460547906540679,0.026909409760364232,0.7331045385143801,0.02734873827118818,0.0,0.0,0.02291041815123264,0.5607665677323811,0.030700240124266066,0.5777015128381267,0.030553178514656488,0.5966288044269011,0.03034503974213382,0.0,0.0,0.00036092075303104446,0.00988276517489312,0.00582356935608702,0.02183684407306646,0.008853161156651326,0.01984449759003757,0.008428757580469778,0.0,0.0,0.012879442042296692,0.07363785263181759,0.016073930950903172,0.08957662449604871,0.01759562655372786,0.08559193152999094,0.017233117852226646,0.020475886999607885,0.0,0.04651519932166513,0.09455749070362093,0.018033765061875623,0.08459575828847649,0.01714073684557719,0.07563019911484649,0.016275206530739494,0.0,0.0,0.014169999225596482,0.044748828627898696,0.012670175216185327,0.05769908076758647,0.014324267382144481,0.04972969483547092,0.013336393814663006,0.10512207990209985,0.0,0.22599248520976717,0.7201542863746923,0.027757920342342188,0.6125675762911322,0.030133249618166283,0.6872805694047156,0.028669744502816064
[Adult]_SDV_GaussianCoupula_1_1_2_3,0.019705150952622246,0.0,0.04388705557076941,0.04946145056954472,0.018616342198728514,0.0038121702307761206,0.00381217023077612,0.030354438407830857,0.014542605580060975,0.001998081113420597,0.0,0.0043779573256407306,0.0029546895460639613,0.002176662239012904,0.0014575651169858408,0.001369297386280373,0.0009585236406264672,0.0009585236406264671,0.0,0.0,0.0,0.07762254559787538,0.016473097526173024,0.06865698642424536,0.015555066817621511,0.1114924358093665,0.019413063137509394,0.0,0.0,0.017791979902215316,0.48206888165274,0.03091042698381155,0.4890420943433411,0.030922942220069714,0.5189272915887744,0.030908145335632135,0.0010439277168743947,0.0,0.0201140421633219,0.04674117511092758,0.012941662825295871,0.058695254009100924,0.014441813650384988,0.04574500186941314,0.012806787280994639,0.0,0.0,0.043715977048466345,0.2947883122480244,0.0281943032277116,0.25892607555350433,0.027082041159623274,0.3047500446631688,0.028464775326786672,0.00891940584900891,0.0,0.03939047348081966,0.11448095553390983,0.01964059721747518,0.1274312076735976,0.020578296986588494,0.10651156960179428,0.01902378698737744,0.0,0.0,0.043770402170879984,0.38145538425978104,0.030045070632283278,0.33164672218405883,0.029117208346031303,0.3983903293655266,0.030282476502404124,0.02497500519368978,0.0,0.05238129652742163,0.10551539636027983,0.018944368262011745,0.06766081318273093,0.015448462723245083,0.0826034118054476,0.0169537902642473,0.0,0.0,0.047383139141187344,0.282834233349851,0.027848208136310365,0.27187632769319214,0.02750960795565142,0.2888112727989377,0.028024238643864843,0.052831647872813976,0.0,0.1872546486104753,0.7321083652728656,0.02738126626825558,0.7370892314804378,0.02721683694019608,0.717165766650149,0.027848208136310365,0.0,0.0,0.03198030438880964,0.5607665677323811,0.030700240124266066,0.5727206466305544,0.03060024287034791,0.5926441114608433,0.030392739986705997,0.0,0.0,0.00641795355320814,0.010878938416407566,0.006136877748930503,0.018848324348523127,0.008207634491706797,0.0138674581409509,0.0069898103345473785,0.0,0.0,0.023937593935448923,0.07563019911484649,0.016275206530739494,0.11547712877542428,0.01971547167820735,0.07662637235636093,0.016374567382893564,0.007592843697610697,0.0,0.03396017930365526,0.08858045125453427,0.01750602980215925,0.08359958504696205,0.017047631626742527,0.08160723856393315,0.01685920046556927,0.014524015899693462,0.0,0.03345588285385992,0.0537143878015287,0.013841351517751285,0.04574500186941314,0.012806787280994639,0.03976796242032647,0.01195895791102384,0.07238729665687285,0.0,0.19888656591793244,0.7191581131331778,0.02778818605422888,0.6235254819477911,0.029967891989540363,0.69724230181986,0.028411960302894716
[Adult]_SDV_GaussianCoupula_1_1_2_3_4,0.024624280477955205,0.002753903237160557,0.04649465771874985,0.04549194793139093,0.017859637822939225,0.0038121702307761206,0.00381217023077612,0.02139449141061388,0.012091780791727841,0.0,0.0,0.00094145295791829,0.0009585236406264672,0.0009585236406264671,0.004451813975142082,0.0027553822780996638,0.001956606593345214,0.00168232767569318,0.0,0.0,0.029471463869282604,0.1025268766357365,0.01870286598333736,0.0826034118054476,0.0169537902642473,0.1025268766357365,0.01870286598333736,0.007783301530937405,0.0,0.09287548751315017,0.49203061406788445,0.030926455439750252,0.5009961732415145,0.030930338007761505,0.48804592110182665,0.030921524492082436,0.008351421734995172,0.0,0.02803672723700351,0.0537143878015287,0.013841351517751285,0.0537143878015287,0.013841351517751285,0.04574500186941314,0.012806787280994639,0.0,0.0,0.01605576853476972,0.25294903610441766,0.026874324866323376,0.22804470506655655,0.0259340807991132,0.28084188686682215,0.02778818605422888,0.0,0.0,0.008911522437796467,0.11746947525845317,0.019863798218819347,0.11448095553390983,0.01964059721747518,0.13938528657177096,0.021380713301796653,0.0,0.0,0.07133365340633106,0.39938650260704106,0.030295251151671986,0.30674239114619767,0.028516957825833755,0.39938650260704106,0.030295251151671986,0.005400030306248941,0.0,0.030961061940512187,0.0826034118054476,0.0169537902642473,0.0935613174621065,0.017947417894137625,0.07762254559787538,0.016473097526173024,0.0,0.0,0.048511527048117044,0.29179979252348104,0.028110009819668574,0.25693372907047546,0.027013544346675838,0.2977768319725677,0.028277132083560794,0.010566329574562638,0.0,0.14885110310569635,0.7201542863746923,0.027757920342342188,0.7649820822428423,0.026209915195306896,0.717165766650149,0.027848208136310365,0.0,0.0,0.09007254031012465,0.5777015128381267,0.030553178514656488,0.56275891421541,0.030684838916232623,0.5836785522872133,0.030492480091766225,0.0,0.0,0.008776447693595849,0.014863631382465345,0.007250810993114321,0.016855977865494236,0.007744999061412563,0.016855977865494236,0.007744999061412563,0.0,0.0,0.004462913001418375,0.07064933290727426,0.015765387321363004,0.11348478229239539,0.019565241383514318,0.09057279773756316,0.0176845538245557,0.0,0.0,0.026351198431472274,0.08957662449604871,0.01759562655372786,0.09854218366967872,0.01837302187935568,0.09057279773756316,0.0176845538245557,0.014316088798364594,0.0,0.02999612045761158,0.03976796242032647,0.01195895791102384,0.04674117511092758,0.012941662825295871,0.02582153703912424,0.009641368572487244,0.0,0.0,0.14062273161493583,0.7211504596162067,0.027727484109640706,0.6384680805705077,0.029715917602672844,0.7211504596162067,0.027727484109640706
[Adult]_SDV_GaussianCoupula_1_1_2_3_4_5,0.03844430468242418,0.01787427923270571,0.05901433013214265,0.04946145056954472,0.018616342198728514,0.0038121702307761206,0.00381217023077612,0.011457626366075313,0.00850735639588589,0.003000118910597536,0.0,0.006376430100797022,0.004950855451501456,0.0029226088445362865,0.003453731022423335,0.00238542229400942,0.001956606593345214,0.00168232767569318,0.0,0.0,0.00784910349738048,0.07961489208090426,0.016667724490168102,0.0716455061487887,0.015869142002494653,0.09754601042816427,0.018289110329767506,0.0039145015750450774,0.0,0.08967867720388643,0.49302678730939886,0.03092737990491489,0.4950191337924278,0.03092885899170312,0.49103444082637,0.030925407679155532,0.0,0.0,0.021697339588083637,0.058695254009100924,0.014441813650384988,0.040764135661840915,0.012105174757660434,0.058695254009100924,0.014441813650384988,0.03688924075391589,0.0,0.09000692302908189,0.2977768319725677,0.028277132083560794,0.25892607555350433,0.027082041159623274,0.2708801544516777,0.027477786835218787,0.014774058123067027,0.0,0.04800999757620269,0.13639676684722762,0.02118538835556747,0.10451922311876538,0.01886441311367822,0.12344651470753984,0.020297769994209996,0.058378844432290966,0.0,0.12164479955453601,0.38942477019189664,0.03016157422622666,0.34559314756526105,0.029412643077552453,0.3515701870143477,0.029530609026606654,0.02060914717922901,0.0,0.04764127125783171,0.10053453015270761,0.01853908878404223,0.08758427801301982,0.017415753237259447,0.08160723856393315,0.01685920046556927,0.0028493245977791477,0.0,0.060177376651152435,0.3027576981801399,0.028411960302894716,0.2579299023119899,0.027047884905941916,0.30076535169711105,0.02835850922010617,0.06508616239202429,0.0,0.19585098059842249,0.7281236723068079,0.02750960795565142,0.7460547906540679,0.026909409760364232,0.7091963807180334,0.028081584288037392,0.0,0.0,0.0645295107143525,0.5607665677323811,0.030700240124266066,0.5298851972454333,0.03087488815241664,0.5777015128381267,0.030553178514656488,0.0,0.0,0.007624219049121447,0.011875111657922011,0.006434357212392761,0.014863631382465345,0.007250810993114321,0.0138674581409509,0.0069898103345473785,0.0,0.0,0.015322760877701227,0.0826034118054476,0.0169537902642473,0.09555366394513538,0.018119490371371658,0.0935613174621065,0.017947417894137625,0.02373449994369543,0.0,0.05010953160308526,0.09854218366967872,0.01837302187935568,0.08061106532241871,0.016763849561589526,0.07662637235636093,0.016374567382893564,0.0010395867033793874,0.0,0.019213588136665457,0.0427564821448698,0.012391511062771495,0.03976796242032647,0.01195895791102384,0.04176030890335536,0.012249335217902597,0.1241718730261828,0.0,0.25019135678918314,0.7470509638955822,0.026874324866323376,0.6215331354647622,0.029999168498210764,0.7111887272010623,0.028024238643864843
[Adult]_SDV_GaussianCoupula_2_1,0.0,0.0,0.027505500895685216,0.05144620188862162,0.01898099494726845,0.005796921549853016,0.005443785155293741,0.05235292551537503,0.019144747531499126,0.003998159388531862,0.0006242345294906939,0.007372084247573031,0.005449896927860829,0.0030806162908989933,0.0029546895460639613,0.002176662239012904,0.0014575651169858408,0.001369297386280373,0.0,0.0,0.028332061289845372,0.09555366394513538,0.018119490371371658,0.07861871883938983,0.016570811778783914,0.09555366394513538,0.018119490371371658,0.009561678699634098,0.0,0.09307438435708085,0.4840612281357689,0.030914619844033157,0.5099617324151444,0.030924236610598427,0.47908036192819664,0.030903211466385732,0.02087855433748793,0.0002031222005732837,0.041553986474402574,0.06566846669970204,0.015232265801472503,0.05271821456001425,0.01371727178474741,0.04574500186941314,0.012806787280994639,0.0,0.0,0.030794947267726615,0.2599222487950188,0.027116013804192672,0.2748648474177355,0.027604022642298554,0.27685719390076435,0.02766609782750496,0.0,0.0,0.02420198667717452,0.12145416822451095,0.020154907623201806,0.1204579949829965,0.020082810615985915,0.1294235541566265,0.02071603199361715,0.053975045450284725,0.0,0.1201297891200593,0.4063597152976422,0.030381010162694948,0.32566968273497215,0.028981780789561137,0.3724898250861511,0.02990371112381319,0.0,0.0,0.02733230975858891,0.08957662449604871,0.01759562655372786,0.08459575828847649,0.01714073684557719,0.08957662449604871,0.01759562655372786,0.024727967308447004,0.0,0.07843188117113392,0.29279596576499545,0.028138271158135653,0.27287250093470655,0.027541253895869505,0.2748648474177355,0.027604022642298554,0.0,0.0,0.1420261032414351,0.7251351525822645,0.027604022642298554,0.7490433103786112,0.026803590637697383,0.7251351525822645,0.027604022642298554,0.0,0.0,0.07401215836256407,0.5687359536644966,0.030635602568030967,0.5677397804229822,0.030644125120157004,0.5816862058041844,0.03051322605247167,0.008048931633356793,0.0,0.01799861544167576,0.01785215110700868,0.007979909104731292,0.02382919055609535,0.00925648279130429,0.00988276517489312,0.00582356935608702,0.025643197383950007,0.0006625283973028077,0.05062386637059721,0.0915689709790776,0.017772821663994506,0.1095000893263376,0.019258890763785706,0.06766081318273093,0.015448462723245083,0.0,0.0,0.01714010747776984,0.07563019911484649,0.016275206530739494,0.10451922311876538,0.01886441311367822,0.08359958504696205,0.017047631626742527,0.0,0.0,0.011679731986020236,0.04176030890335536,0.012249335217902597,0.061683773733644254,0.0147873010577123,0.04873352159395647,0.013206416487571974,0.0,0.0,0.09279419777718258,0.6803073567141145,0.028840959439051118,0.6474336397441378,0.02954977271419531,0.6932576088538023,0.028516957825833755
[Adult]_SDV_GaussianCoupula_2_1_2_3,0.049013458762373834,0.026950320545254116,0.07107659697949355,0.0593852071649292,0.020359586481777707,0.0038121702307761206,0.00381217023077612,0.010906304088233924,0.008260392092140247,0.0,0.0,0.0013874548884636032,0.002455648069704588,0.0019453844860661056,0.003952772498782709,0.0025771425751525993,0.004451813975142082,0.0027553822780996638,0.0,0.0,0.018036481024395035,0.0935613174621065,0.017947417894137625,0.07662637235636093,0.016374567382893564,0.10352304987725094,0.018783914692403744,0.0328870541125174,0.0,0.11642923284563475,0.5019923464830289,0.0309301531346219,0.4890420943433411,0.030922942220069714,0.4850574013772833,0.030916531106313414,0.004202030564538437,0.0,0.024801721456775568,0.05570673428455759,0.014085420561494864,0.0626799469751587,0.01490017184912499,0.051722041318499806,0.013591778925750997,0.01915392386161241,0.0,0.0724964157689574,0.28582275307439436,0.02793697608932328,0.24199113044775877,0.026475822460949767,0.27187632769319214,0.02750960795565142,0.0,0.0,0.00821216062905954,0.1204579949829965,0.020082810615985915,0.11647330201693873,0.01978987022950096,0.14336997953782873,0.021635937483274522,0.01751813482942283,0.0,0.08480166383503816,0.38544007722583884,0.030104391845410472,0.33662758839163104,0.02922599856892148,0.37448217156917996,0.02993607344148917,0.0,0.0,0.01813537073755605,0.08160723856393315,0.01685920046556927,0.07861871883938983,0.016570811778783914,0.08957662449604871,0.01759562655372786,0.0,0.0,0.02960496192408304,0.27287250093470655,0.027541253895869505,0.26589928824410547,0.02731603198434915,0.29179979252348104,0.028110009819668574,0.16045296655723743,0.03862280786676979,0.28228312524770505,0.7550203498276978,0.026586818007041234,0.7450586174125534,0.02694430748883472,0.7082002074765189,0.028110009819668574,0.022992695734594396,0.0,0.12175558826458094,0.5767053395966122,0.030562846645580143,0.5587742212493522,0.030715137166302996,0.5667436071814678,0.03065252093751049,0.008065160614957252,0.0,0.01876481637508651,0.01984449759003757,0.008428757580469778,0.020840670831552017,0.008643785080761109,0.011875111657922011,0.006434357212392761,0.030788153497964026,0.006528828417887211,0.05504747857804084,0.09057279773756316,0.0176845538245557,0.10750774284330872,0.019102675980257174,0.061683773733644254,0.0147873010577123,0.004376747207146477,0.0,0.03192448588624876,0.0935613174621065,0.017947417894137625,0.09256514422059205,0.017860439848947925,0.08957662449604871,0.01759562655372786,0.0,0.0,0.0011189763390160277,0.03578326945426869,0.011351920791042379,0.05769908076758647,0.014324267382144481,0.05271821456001425,0.01371727178474741,0.03515267275749953,0.0,0.16218394639696992,0.699234648302889,0.02835850922010617,0.64344894677808,0.029625016744057684,0.6882767426462301,0.02864466935969149
[Adult]_SDV_GaussianCoupula_2_1_2_3_4,0.0,0.0,0.01618703234664741,0.055415704526775404,0.019685439411070135,0.0038121702307761206,0.00381217023077612,0.07019663684134189,0.022063829831481807,0.0005007710047134829,0.0,0.0040238082902922835,0.003952772498782709,0.0025771425751525993,0.001956606593345214,0.00168232767569318,0.003453731022423335,0.00238542229400942,0.00545898770433868,0.0,0.03272697100658459,0.09256514422059205,0.017860439848947925,0.06965315966575981,0.01566070185722966,0.08758427801301982,0.017415753237259447,0.03455420178877302,0.0,0.11737530460778436,0.49900382675848554,0.030930338007761505,0.5019923464830289,0.0309301531346219,0.48107270841122557,0.030908145335632135,0.003125258063593251,0.0,0.02193581594543498,0.04674117511092758,0.012941662825295871,0.043752655386384245,0.012531769840218804,0.043752655386384245,0.012531769840218804,0.005610721970882233,0.0,0.06142975019162418,0.2937921390065099,0.02816636879767898,0.2758610206592499,0.027635146636723458,0.2898074460404521,0.02805299406412127,0.0,0.0,0.012639170722132761,0.11348478229239539,0.019565241383514318,0.11348478229239539,0.019565241383514318,0.1314159006396554,0.02085212601481348,0.0,0.0,0.05716824927797748,0.37049747860312215,0.029870803269136634,0.3445969743237466,0.029392482120901665,0.3774706912937233,0.029983597892094344,0.0,0.0,0.027835029813392153,0.09256514422059205,0.017860439848947925,0.09555366394513538,0.018119490371371658,0.09256514422059205,0.017860439848947925,0.02095204033602218,0.0,0.07625164846802684,0.30176152493862546,0.02838531449243536,0.2748648474177355,0.027604022642298554,0.2868189263159088,0.02796623017310675,0.08335727456632873,0.0,0.21755417961034507,0.7480471371370967,0.026839052072705136,0.7360930582389233,0.027250081969998178,0.7251351525822645,0.027604022642298554,0.0074641584284575735,0.0,0.11404963787466492,0.6026058438759878,0.030269570523309756,0.5458239691096644,0.03079972706547411,0.5996173241514444,0.03030789463717824,0.0,0.0,0.005459469974509238,0.014863631382465345,0.007250810993114321,0.016855977865494236,0.007744999061412563,0.020840670831552017,0.008643785080761109,0.024840139408745132,0.0,0.05143503065320955,0.10053453015270761,0.01853908878404223,0.11846564849996762,0.019937260880738925,0.07762254559787538,0.016473097526173024,0.0,0.0,0.019264081107257136,0.07662637235636093,0.016374567382893564,0.10153070339422206,0.018621259801126347,0.0826034118054476,0.0169537902642473,0.012527132602492752,0.0,0.032551110286486544,0.05769908076758647,0.014324267382144481,0.044748828627898696,0.012670175216185327,0.04574500186941314,0.012806787280994639,0.0,0.0,0.08589168390533633,0.6892729158877444,0.028619439047027725,0.6374719073289933,0.029733679803533232,0.7052116877519756,0.0281943032277116
[Adult]_SDV_GaussianCoupula_2_1_2_3_4_5,0.03682246162672699,0.01823776809271473,0.055407155160739255,0.04350719661231403,0.01746639922253677,0.005796921549853016,0.005443785155293741,0.006940293683423106,0.006189292490013107,0.0,0.0,8.141575446615453e-05,0.0009585236406264672,0.0009585236406264671,0.0014575651169858408,0.001369297386280373,0.003453731022423335,0.00238542229400942,0.0,0.0,0.028473504903499477,0.1025268766357365,0.01870286598333736,0.07961489208090426,0.016667724490168102,0.10352304987725094,0.018783914692403744,0.0662978323262522,0.0,0.14670625474137372,0.50896555917363,0.030925407679155532,0.48306505489425444,0.03091258514465786,0.47409949572062443,0.030888713667794068,0.0010538288067765069,0.0,0.0220249748570111,0.05570673428455759,0.014085420561494864,0.03877178917881202,0.011810608303257288,0.05471056104304314,0.01396405579444862,0.05730496943890518,0.004437196724628251,0.11017274215318211,0.31172325735376993,0.02864466935969149,0.2429873036892732,0.026513016390655026,0.2698839812101632,0.027445789925250753,0.017144410340019334,0.0,0.051179098828930555,0.14336997953782873,0.021635937483274522,0.14635849926237207,0.021823563033853157,0.12842738091511205,0.0206473716566736,0.0,0.0,0.016333610761696635,0.3645204391540355,0.02976878824126045,0.309730910870741,0.028594053154077544,0.3983903293655266,0.030282476502404124,0.010800060612497882,0.0,0.03665758774259061,0.08758427801301982,0.017415753237259447,0.09256514422059205,0.017860439848947925,0.07762254559787538,0.016473097526173024,0.021585195785896023,0.0,0.07965156970240159,0.3226811630104288,0.02891204919370519,0.2698839812101632,0.027445789925250753,0.30773856438771213,0.02854281296430215,0.0,0.0,0.07680277294438442,0.7091963807180334,0.028081584288037392,0.7350968849974089,0.027283146766551834,0.7291198455483222,0.027477786835218787,0.0,0.0,0.0532027868528035,0.55379335504178,0.03075017879271046,0.5587742212493522,0.030715137166302996,0.5757091663550977,0.030572387027924752,0.0,0.0,0.0032014371638341118,0.008886591933378676,0.005491723532387911,0.018848324348523127,0.008207634491706797,0.014863631382465345,0.007250810993114321,0.018048227912599607,0.0,0.041529196208606275,0.07861871883938983,0.016570811778783914,0.09854218366967872,0.01837302187935568,0.061683773733644254,0.0147873010577123,0.021764663000728685,0.0,0.04933638879870801,0.10451922311876538,0.01886441311367822,0.10053453015270761,0.01853908878404223,0.08459575828847649,0.01714073684557719,0.0,0.0,0.011015154068303107,0.03478709621275424,0.011194168254327345,0.058695254009100924,0.014441813650384988,0.040764135661840915,0.012105174757660434,0.08919449203814535,0.0,0.21140970560932687,0.71517342016712,0.027907554742521688,0.6324910411214211,0.029820414646310345,0.6872805694047156,0.028669744502816064
[Adult]_SDV_GaussianCoupula_3_1,0.009126778998705207,0.0,0.030442812465729684,0.03556819133600645,0.015776677709435333,0.0038121702307761206,0.00381217023077612,0.026684960070453546,0.013597909730161575,0.0010000396368658453,0.0,0.003755417566443358,0.0029546895460639613,0.002176662239012904,0.003952772498782709,0.0025771425751525993,0.001956606593345214,0.00168232767569318,0.036879526531251906,0.009068736982850545,0.06469031607965327,0.11547712877542428,0.01971547167820735,0.07563019911484649,0.016275206530739494,0.08160723856393315,0.01685920046556927,0.0,0.0,0.07399584058569934,0.49203061406788445,0.030926455439750252,0.4900382675848555,0.030924236610598427,0.49900382675848554,0.030930338007761505,0.014478953211125753,0.0,0.03275541841156683,0.05072586807698536,0.013464833429624755,0.0427564821448698,0.012391511062771495,0.036779442695783135,0.011507179678670192,0.047750378250185736,0.0,0.09804530194548519,0.2848265798328799,0.027907554742521688,0.26789163472713434,0.02738126626825558,0.24896434313835988,0.026732098836615696,0.0,0.0,0.0,0.09854218366967872,0.01837302187935568,0.09754601042816427,0.018289110329767506,0.13440442036419872,0.02105325970692479,0.0015824769681683515,0.0,0.06865445191203504,0.3714936518446366,0.02988732550052566,0.3426046278407177,0.029351729035631848,0.37049747860312215,0.029870803269136634,0.0,0.0,0.019936713848919794,0.08658810477150537,0.017324786231850825,0.08459575828847649,0.01714073684557719,0.0935613174621065,0.017947417894137625,0.008288200290779304,0.0,0.06261595380782468,0.2848265798328799,0.027907554742521688,0.26291076851956213,0.02721683694019608,0.2788495403837932,0.027727484109640706,0.0,0.0,0.13820422661026605,0.7400777512049812,0.027116013804192672,0.7271274990652934,0.027541253895869505,0.7430662709295245,0.027013544346675838,0.0,0.0,0.08980225870292724,0.5876632452532711,0.030449443466771052,0.5657474339399533,0.030660790124202447,0.5946364579438722,0.030369150282535392,0.008073299672275951,0.0,0.019129925748741332,0.020840670831552017,0.008643785080761109,0.011875111657922011,0.006434357212392761,0.012871284899436456,0.0067181108013498175,0.014847483529983335,0.0,0.03794213787497971,0.07463402587333204,0.016174999660918676,0.10153070339422206,0.018621259801126347,0.06068760049212981,0.014673302279329342,0.002200411911935903,0.0,0.030470311881176014,0.09654983718664982,0.01820460260760241,0.08359958504696205,0.017047631626742527,0.09455749070362093,0.018033765061875623,0.0,0.0,0.010047202002976489,0.030802403246696464,0.010535955089997712,0.06467229345818759,0.015122630246458501,0.036779442695783135,0.011507179678670192,0.0641188549340979,0.0,0.18900963077708766,0.7091963807180334,0.028081584288037392,0.6414566002950511,0.029661796077199806,0.6892729158877444,0.028619439047027725
[Adult]_SDV_GaussianCoupula_3_1_2,0.027316639792466072,0.0038820419159647894,0.05075123766896736,0.05144620188862162,0.01898099494726845,0.005796921549853016,0.005443785155293741,0.024807211764172884,0.013085083861608133,0.0,0.0,0.0036590935462901784,0.003952772498782709,0.0025771425751525993,0.004451813975142082,0.0027553822780996638,0.003952772498782709,0.0025771425751525993,0.00773548419490981,0.0,0.036901267555911534,0.10551539636027983,0.018944368262011745,0.08061106532241871,0.016763849561589526,0.09854218366967872,0.01837302187935568,0.03475435327814166,0.0,0.11805501555407524,0.5019923464830289,0.0309301531346219,0.47808418868668223,0.03090055918614965,0.4840612281357689,0.030914619844033157,0.0042197621340005894,0.0,0.025627874622359367,0.05969142725061537,0.01455814901561713,0.04873352159395647,0.013206416487571974,0.05570673428455759,0.014085420561494864,0.0,0.0,0.051294718293705334,0.28383040659136544,0.02787796560313286,0.264903115002591,0.027283146766551834,0.2868189263159088,0.02796623017310675,0.0,0.0,0.029889844228441872,0.1114924358093665,0.019413063137509394,0.12643503443208318,0.020508803796878448,0.11248860905088094,0.019489398592631296,0.0,0.0,0.0434484553117123,0.3784668645352377,0.029999168498210764,0.3665127856370644,0.02980334369046085,0.3954018096409833,0.03024336390141022,0.0,0.0,0.006387902375524477,0.07662637235636093,0.016374567382893564,0.08858045125453427,0.01750602980215925,0.09555366394513538,0.018119490371371658,0.0,0.0,0.055456073441419305,0.2868189263159088,0.02796623017310675,0.28084188686682215,0.02778818605422888,0.2868189263159088,0.02796623017310675,0.0,0.0,0.13993079889209353,0.7191581131331778,0.02778818605422888,0.7321083652728656,0.02738126626825558,0.7191581131331778,0.02778818605422888,0.048318430508399894,0.0,0.1498287061213831,0.60758671008356,0.030203064728075144,0.5547895282832944,0.03074342165916978,0.5876632452532711,0.030449443466771052,0.004028518975905989,0.0,0.013616107131658398,0.014863631382465345,0.007250810993114321,0.0138674581409509,0.0069898103345473785,0.010878938416407566,0.006136877748930503,0.011778301576992636,0.0,0.03630180482252575,0.08061106532241871,0.016763849561589526,0.11448095553390983,0.01964059721747518,0.06965315966575981,0.01566070185722966,0.0,0.0,0.02699382949412494,0.08758427801301982,0.017415753237259447,0.09654983718664982,0.01820460260760241,0.08758427801301982,0.017415753237259447,0.0,0.0,0.009429648662706337,0.03578326945426869,0.011351920791042379,0.06566846669970204,0.015232265801472503,0.043752655386384245,0.012531769840218804,0.0,0.0,0.10721195082552848,0.7072040342350044,0.028138271158135653,0.6215331354647622,0.029999168498210764,0.717165766650149,0.027848208136310365
[Adult]_SDV_GaussianCoupula_3_1_2_3,0.022729083847885665,0.00048754163983531426,0.04497062605593602,0.04549194793139093,0.017859637822939225,0.0038121702307761206,0.00381217023077612,0.023292276181850657,0.012654648565721833,0.0,0.0,0.0007611013198481277,0.0014575651169858408,0.001369297386280373,0.0029546895460639613,0.002176662239012904,0.003453731022423335,0.00238542229400942,0.01405525856068521,0.0,0.040256417782818445,0.0915689709790776,0.017772821663994506,0.09654983718664982,0.01820460260760241,0.07861871883938983,0.016570811778783914,0.053138922872390026,0.0,0.13424009795302677,0.5029885197245433,0.030929845010266955,0.4950191337924278,0.03092885899170312,0.4750956689621389,0.030891860576624804,0.0,0.0,0.017892046336455508,0.0537143878015287,0.013841351517751285,0.0537143878015287,0.013841351517751285,0.05670290752607203,0.01420548015130359,0.0,0.0,0.04405186071802235,0.2868189263159088,0.02796623017310675,0.25195286286290325,0.026839052072705136,0.2957844854895388,0.028222074932871676,0.027213330177697972,0.0,0.060553781865996664,0.14536232602085764,0.02176137610884414,0.13241207388116985,0.020919567679160863,0.12145416822451095,0.020154907623201806,0.0,0.0,0.05195533861988062,0.3874324237088677,0.030133249618166283,0.34559314756526105,0.029412643077552453,0.39938650260704106,0.030295251151671986,0.023760133347495337,0.0,0.050299960529113986,0.09953835691119316,0.01845634538784281,0.10153070339422206,0.018621259801126347,0.07762254559787538,0.016473097526173024,0.013756658182126241,0.0,0.0676545789890764,0.28582275307439436,0.02793697608932328,0.28084188686682215,0.02778818605422888,0.2758610206592499,0.027635146636723458,0.032151959660002484,0.0,0.16980840825802904,0.7301160187898367,0.027445789925250753,0.7321083652728656,0.02738126626825558,0.7211504596162067,0.027727484109640706,0.04989559014252076,0.0,0.145982463194966,0.5826823790456989,0.030502917323633208,0.57172447338904,0.03060927343654224,0.5607665677323811,0.030700240124266066,0.0,0.0,0.004320828507942775,0.00789041869186423,0.005137749549987857,0.016855977865494236,0.007744999061412563,0.011875111657922011,0.006434357212392761,0.026569719657113845,0.0023895413048776876,0.05074989800935,0.08758427801301982,0.017415753237259447,0.10451922311876538,0.01886441311367822,0.0626799469751587,0.01490017184912499,0.010882331500364342,0.0,0.03792175767588267,0.09455749070362093,0.018033765061875623,0.08359958504696205,0.017047631626742527,0.08459575828847649,0.01714073684557719,0.002068421887303676,0.0,0.019170383319726553,0.03877178917881202,0.011810608303257288,0.04574500186941314,0.012806787280994639,0.036779442695783135,0.011507179678670192,0.0,0.0,0.11675187897799447,0.699234648302889,0.02835850922010617,0.6394642538120222,0.02969801641608128,0.7052116877519756,0.0281943032277116
[Adult]_SDV_GaussianCoupula_3_1_2_3_4,0.001332723090827568,0.0,0.027556172670635617,0.04549194793139093,0.017859637822939225,0.007781672868929911,0.006684042346247121,0.044218155397295136,0.01760846849840868,0.001000539926658308,0.0,0.004084994333525668,0.003453731022423335,0.00238542229400942,0.004451813975142082,0.0027553822780996638,0.002455648069704588,0.0019453844860661056,0.00548293271415491,0.0,0.033414315522787445,0.09654983718664982,0.01820460260760241,0.06666463994121648,0.015340869372154429,0.0915689709790776,0.017772821663994506,0.05894424438214613,0.0,0.13996509955858963,0.5069732126906011,0.03092737990491489,0.49900382675848554,0.030930338007761505,0.4760918422036533,0.030894883775335245,0.0,0.0,0.020059695519875673,0.05072586807698536,0.013464833429624755,0.04972969483547092,0.013336393814663006,0.05072586807698536,0.013464833429624755,0.03542616928246344,0.0,0.08829613687435928,0.2947883122480244,0.0281943032277116,0.24796816989684545,0.026696066946950082,0.2688878079686488,0.02741361661020775,0.0,0.0,0.004135425898367132,0.11348478229239539,0.019565241383514318,0.10451922311876538,0.01886441311367822,0.13938528657177096,0.021380713301796653,0.0,0.0,0.06883897877665637,0.3824515575012955,0.030060102135769394,0.34160845459920325,0.029331136307936545,0.3824515575012955,0.030060102135769394,0.016130407168696362,0.0,0.04159735330725734,0.08858045125453427,0.01750602980215925,0.06566846669970204,0.015232265801472503,0.07363785263181759,0.016073930950903172,0.0,0.0,0.03042926031103184,0.28084188686682215,0.02778818605422888,0.24398347693078767,0.026550014633701092,0.2997691784555966,0.028331544033293035,0.0,0.0,0.13238357324625122,0.7321083652728656,0.02738126626825558,0.7470509638955822,0.026874324866323376,0.7360930582389233,0.027250081969998178,0.039820038777409555,0.0,0.13920944244204736,0.5916479382193288,0.030404339905093346,0.5368584099360344,0.030845920909713,0.5747129931135833,0.030581799781248715,0.0,0.0,0.005620491443090779,0.010878938416407566,0.006136877748930503,0.020840670831552017,0.008643785080761109,0.014863631382465345,0.007250810993114321,0.0,0.0,0.017308863932539855,0.0826034118054476,0.0169537902642473,0.10551539636027983,0.018944368262011745,0.0915689709790776,0.017772821663994506,0.018560558194751508,0.0,0.04646037845403843,0.10451922311876538,0.01886441311367822,0.09555366394513538,0.018119490371371658,0.08758427801301982,0.017415753237259447,0.011364567020587675,0.0,0.02913038746913553,0.04674117511092758,0.012941662825295871,0.06467229345818759,0.015122630246458501,0.03578326945426869,0.011351920791042379,0.0,0.0,0.10379269310662778,0.6803073567141145,0.028840959439051118,0.6454412932611089,0.029587676332060452,0.6892729158877444,0.028619439047027725
[Adult]_SDV_GaussianCoupula_4_1,0.038685433592903,0.009351062452693553,0.06801980473311245,0.07724796903662126,0.023086784285609292,0.0038121702307761206,0.00381217023077612,0.04011437753184718,0.016768664075152786,0.0,0.0,0.0030873875307792778,0.0029546895460639613,0.002176662239012904,0.003453731022423335,0.00238542229400942,0.0029546895460639613,0.002176662239012904,0.0032933710949161824,0.0,0.03128552304414601,0.09555366394513538,0.018119490371371658,0.08459575828847649,0.01714073684557719,0.09256514422059205,0.017860439848947925,0.0,0.0,0.07874611905214807,0.5,0.030930399631895818,0.5009961732415145,0.030930338007761505,0.5049808662075722,0.03092885899170312,0.0,0.0,0.019417581975195854,0.047737348352442026,0.013074855589177039,0.058695254009100924,0.014441813650384988,0.047737348352442026,0.013074855589177039,0.015028949936780524,0.0,0.0682600803370741,0.28183806010833656,0.02781828180187009,0.24597582341381655,0.026623427318820385,0.2708801544516777,0.027477786835218787,0.007839441698954112,0.0,0.03888551046176035,0.11746947525845317,0.019863798218819347,0.12543886119056874,0.02043888781858408,0.11049626256785205,0.019336229183338285,0.05414696220003424,0.0,0.12056745917148312,0.40835206178067107,0.030404339905093346,0.3426046278407177,0.029351729035631848,0.37448217156917996,0.02993607344148917,0.0,0.0,0.0038017185762484716,0.07961489208090426,0.016667724490168102,0.09654983718664982,0.01820460260760241,0.10153070339422206,0.018621259801126347,0.03606499153001999,0.0,0.09059720120548595,0.30773856438771213,0.02854281296430215,0.26789163472713434,0.02738126626825558,0.28183806010833656,0.02781828180187009,0.10002831894223044,0.0,0.23135889472609708,0.7490433103786112,0.026803590637697383,0.7689667752089001,0.026053531070869374,0.7211504596162067,0.027727484109640706,0.07919972445442953,0.0,0.1734564206187883,0.5946364579438722,0.030369150282535392,0.5527971818002655,0.030756810498245753,0.5597703944908666,0.03070775161959284,0.0,0.0,0.010408909437640758,0.014863631382465345,0.007250810993114321,0.018848324348523127,0.008207634491706797,0.014863631382465345,0.007250810993114321,0.0,0.0,0.024817247040821905,0.08061106532241871,0.016763849561589526,0.1095000893263376,0.019258890763785706,0.08160723856393315,0.01685920046556927,0.007617632050255036,0.0,0.03449231329296824,0.0915689709790776,0.017772821663994506,0.08061106532241871,0.016763849561589526,0.08459575828847649,0.01714073684557719,0.005160380873513605,0.0,0.02209057312869052,0.03976796242032647,0.01195895791102384,0.05072586807698536,0.013464833429624755,0.03478709621275424,0.011194168254327345,0.04417508449525537,0.0,0.16930321524371494,0.6982384750613745,0.02838531449243536,0.6424527735365656,0.029643476414212066,0.6842920496801722,0.028744042963299386
[Adult]_SDV_GaussianCoupula_4_1_2,0.0,0.0,0.006031943342148318,0.04946145056954472,0.018616342198728514,0.0038121702307761206,0.00381217023077612,0.07358006180245368,0.0225625740537771,0.0,0.0,0.0020265583765111768,0.0029546895460639613,0.002176662239012904,0.0029546895460639613,0.002176662239012904,0.004451813975142082,0.0027553822780996638,0.018662436204525013,0.0,0.04735920250916072,0.1095000893263376,0.019258890763785706,0.07363785263181759,0.016073930950903172,0.09256514422059205,0.017860439848947925,0.0,0.0,0.0670690301038506,0.49302678730939886,0.03092737990491489,0.47210714923759556,0.03088204856701095,0.5039846929660577,0.03092941363101312,0.0,0.0,0.006830959576269441,0.040764135661840915,0.012105174757660434,0.0537143878015287,0.013841351517751285,0.05271821456001425,0.01371727178474741,0.03208165011341915,0.0,0.08716110879588779,0.3087347376292266,0.028568511266096424,0.2609184220365332,0.027149803528902297,0.28582275307439436,0.02793697608932328,0.0,0.0,0.014740723934335665,0.11348478229239539,0.019565241383514318,0.10850391608482317,0.019181041776803142,0.1294235541566265,0.02071603199361715,0.0,0.0,0.0324139980208303,0.3575472264634344,0.029643476414212066,0.3475854940482899,0.02945253529462284,0.38045921101826663,0.03002990466112213,0.0,0.0,0.010860377411796483,0.07961489208090426,0.016667724490168102,0.0826034118054476,0.0169537902642473,0.09455749070362093,0.018033765061875623,0.0,0.0,0.05487160915916759,0.29179979252348104,0.028110009819668574,0.26789163472713434,0.02738126626825558,0.29279596576499545,0.028138271158135653,0.03516713953080846,0.0,0.18112510337737361,0.7540241765861834,0.026623427318820385,0.7211504596162067,0.027727484109640706,0.7450586174125534,0.02694430748883472,0.022030278310907255,0.0,0.11716209210114173,0.5577780480078377,0.030722396855229216,0.5777015128381267,0.030553178514656488,0.5478163155926933,0.030788090388972643,0.0,0.0,0.009217442406091432,0.0138674581409509,0.0069898103345473785,0.018848324348523127,0.008207634491706797,0.014863631382465345,0.007250810993114321,0.009720054551248088,0.0,0.03551887370704933,0.08658810477150537,0.017324786231850825,0.1114924358093665,0.019413063137509394,0.07762254559787538,0.016473097526173024,0.005453034095123356,0.0,0.03255354265022804,0.0915689709790776,0.017772821663994506,0.10053453015270761,0.01853908878404223,0.08658810477150537,0.017324786231850825,0.0,0.0,0.014199130717562342,0.036779442695783135,0.011507179678670192,0.03877178917881202,0.011810608303257288,0.03976796242032647,0.01195895791102384,0.1077185812783216,0.0,0.22544242246770407,0.7111887272010623,0.028024238643864843,0.6514183327101956,0.029472267136658212,0.6763226637480567,0.02893544347669517
[Adult]_SDV_GaussianCoupula_4_1_2_3,0.032816731586299046,0.011849891759463108,0.05378357141313499,0.047476699250467824,0.018242743621860638,0.0038121702307761206,0.00381217023077612,0.015157383448343683,0.010002175365373657,0.0020020814345224464,0.0,0.005654376477252156,0.004950855451501456,0.0029226088445362865,0.002455648069704588,0.0019453844860661056,0.0029546895460639613,0.002176662239012904,0.009880113284748547,0.0,0.03817992176558858,0.10153070339422206,0.018621259801126347,0.09057279773756316,0.0176845538245557,0.09256514422059205,0.017860439848947925,0.03585441924708558,0.0,0.11717628671316449,0.49103444082637,0.030925407679155532,0.4661301097885089,0.030859079978776828,0.47210714923759556,0.03088204856701095,0.015658915753115944,0.0,0.035931118713220106,0.06068760049212981,0.014673302279329342,0.04972969483547092,0.013336393814663006,0.04574500186941314,0.012806787280994639,0.027780836393447163,0.0,0.0825049923065905,0.3027576981801399,0.028411960302894716,0.24597582341381655,0.026623427318820385,0.282834233349851,0.027848208136310365,0.0,0.0,2.6643671970721927e-05,0.09754601042816427,0.018289110329767506,0.10750774284330872,0.019102675980257174,0.12543886119056874,0.02043888781858408,0.0,0.0,0.0342884218784229,0.3465893208067755,0.029432660704711254,0.3037538714216544,0.028438447099714485,0.3675089588785788,0.029820414646310345,0.0,0.0,0.00860173436236952,0.0716455061487887,0.015869142002494653,0.09754601042816427,0.018289110329767506,0.08758427801301982,0.017415753237259447,0.008634078314358409,0.0,0.06684869312848002,0.3137156038367988,0.028694664883191178,0.25892607555350433,0.027082041159623274,0.30773856438771213,0.02854281296430215,0.0,0.0,0.1417935826927754,0.7500394836201256,0.02676793981157925,0.7350968849974089,0.027283146766551834,0.7530280033446689,0.026659843368494897,0.0,0.0,0.07105872694621473,0.5777015128381267,0.030553178514656488,0.5757091663550977,0.030572387027924752,0.5926441114608433,0.030392739986705997,0.004032580307478625,0.0,0.014017825763126386,0.01585980462397979,0.007502229493555868,0.01585980462397979,0.007502229493555868,0.011875111657922011,0.006434357212392761,0.006403956932168762,0.0,0.030058999499506668,0.07264167939030315,0.015971984039851672,0.09256514422059205,0.017860439848947925,0.06666463994121648,0.015340869372154429,0.016235159059125242,0.0,0.0427173378134368,0.09455749070362093,0.018033765061875623,0.0826034118054476,0.0169537902642473,0.07961489208090426,0.016667724490168102,0.014539099193111173,0.0,0.03368530970967189,0.05471056104304314,0.01396405579444862,0.06467229345818759,0.015122630246458501,0.040764135661840915,0.012105174757660434,0.0576426080119537,0.0,0.18814200876073348,0.7231428060992356,0.02766609782750496,0.63448338760445,0.02978613496841735,0.70620786099349,0.02816636879767898
[Adult]_SDV_GaussianCoupula_4_1_2_3_4,0.0,0.0,0.0,0.03755294265508335,0.016218422846551155,0.0038121702307761206,0.00381217023077612,0.07467122603811738,0.0227202604335188,0.0,0.0,0.0023866791050108386,0.0029546895460639613,0.002176662239012904,0.001956606593345214,0.00168232767569318,0.003952772498782709,0.0025771425751525993,0.0,0.0,0.0,0.0716455061487887,0.015869142002494653,0.07662637235636093,0.016374567382893564,0.09654983718664982,0.01820460260760241,0.0,0.0,0.07640040183180763,0.4850574013772833,0.030916531106313414,0.4800765351697111,0.030905740172769872,0.4900382675848555,0.030924236610598427,0.0,0.0,0.019135842396262353,0.05072586807698536,0.013464833429624755,0.06566846669970204,0.015232265801472503,0.051722041318499806,0.013591778925750997,0.02564376895639154,0.0,0.07765524905475063,0.28084188686682215,0.02778818605422888,0.22704853182504212,0.02589384715169553,0.26191459527804767,0.027183411015875358,0.014477892729502896,0.0,0.04501416218017404,0.11846564849996762,0.019937260880738925,0.12145416822451095,0.020154907623201806,0.10551539636027983,0.018944368262011745,0.0,0.0,0.0306851130063132,0.3714936518446366,0.02988732550052566,0.3266658559764866,0.02900472454034923,0.3963979828824977,0.03025653304633196,0.007609351301918018,0.0,0.03431562634507918,0.09057279773756316,0.0176845538245557,0.0935613174621065,0.017947417894137625,0.08359958504696205,0.017047631626742527,0.005682458028122996,0.0,0.06271285830909717,0.3027576981801399,0.028411960302894716,0.25693372907047546,0.027013544346675838,0.2987730052140821,0.02830441847495171,0.015271796199579258,0.0,0.16093646387350294,0.7430662709295245,0.027013544346675838,0.74207009768801,0.027047884905941916,0.7390815779634667,0.027149803528902297,0.030167961559400158,0.0,0.12931811377002594,0.5836785522872133,0.030492480091766225,0.5259005042793755,0.030888713667794068,0.5707283001475255,0.030618176834568907,0.0,0.0,0.004413245903198282,0.00988276517489312,0.00582356935608702,0.008886591933378676,0.005491723532387911,0.014863631382465345,0.007250810993114321,0.0043293757491000735,0.0,0.030178858619447323,0.08359958504696205,0.017047631626742527,0.08559193152999094,0.017233117852226646,0.07961489208090426,0.016667724490168102,0.02270464844418381,0.0,0.04935381458325,0.09953835691119316,0.01845634538784281,0.08658810477150537,0.017324786231850825,0.07861871883938983,0.016570811778783914,0.0,0.0,0.0,0.032794749729725355,0.010870746282566787,0.051722041318499806,0.013591778925750997,0.05471056104304314,0.01396405579444862,0.07647113734602105,0.0,0.19620853722525233,0.699234648302889,0.02835850922010617,0.65241450595171,0.02945253529462284,0.6743303172650278,0.028981780789561137
[Adult]_SDV_GaussianCoupula_4_1_2_3_4_5,0.03253141040621297,0.014650756724952241,0.0504120640874737,0.039537693974160244,0.016646632993867518,0.005796921549853016,0.005443785155293741,0.007241871873989231,0.006371144468948556,0.0005002699633291538,0.0,0.0034261178119751744,0.0029546895460639613,0.002176662239012904,0.003952772498782709,0.0025771425751525993,0.002455648069704588,0.0019453844860661056,0.0,0.0,0.027343113777668283,0.09555366394513538,0.018119490371371658,0.08957662449604871,0.01759562655372786,0.09654983718664982,0.01820460260760241,0.0038765645301475104,0.0,0.08879340731324857,0.48804592110182665,0.030921524492082436,0.48704974786031224,0.030919983409670965,0.4860535746187978,0.03091831895438999,0.0010505076411346072,0.0,0.02140379283494106,0.05271821456001425,0.01371727178474741,0.05670290752607203,0.01420548015130359,0.051722041318499806,0.013591778925750997,0.0,0.0,0.02881610088134595,0.2778533671422788,0.027696876793965982,0.2429873036892732,0.026513016390655026,0.2977768319725677,0.028277132083560794,0.0,0.0,0.030044898934566546,0.11248860905088094,0.019489398592631296,0.11746947525845317,0.019863798218819347,0.11348478229239539,0.019565241383514318,0.0,0.0,0.042654243903327296,0.3575472264634344,0.029643476414212066,0.32168498976891435,0.028888504006552962,0.3734859983276655,0.02991996036343892,0.0,0.0,0.009393490510116967,0.07662637235636093,0.016374567382893564,0.09455749070362093,0.018033765061875623,0.09256514422059205,0.017860439848947925,0.0,0.0,0.0551970194779703,0.3037538714216544,0.028438447099714485,0.2429873036892732,0.026513016390655026,0.30574621790468326,0.02849094542370992,0.007382233188110018,0.0,0.15050091219468031,0.7321083652728656,0.02738126626825558,0.7560165230692123,0.026550014633701092,0.7301160187898367,0.027445789925250753,0.023368814158125643,0.0,0.12351194594679321,0.5836785522872133,0.030492480091766225,0.5707283001475255,0.030618176834568907,0.5737168198720689,0.03059108502336483,0.0,0.0,0.005620491443090779,0.010878938416407566,0.006136877748930503,0.010878938416407566,0.006136877748930503,0.014863631382465345,0.007250810993114321,0.009678244301217817,0.0,0.034782520230703516,0.0826034118054476,0.0169537902642473,0.11946182174148205,0.020010263340258783,0.07363785263181759,0.016073930950903172,0.012062451971140807,0.0,0.040301668571310574,0.1025268766357365,0.01870286598333736,0.08459575828847649,0.01714073684557719,0.0915689709790776,0.017772821663994506,0.0041368437746073594,0.0,0.021442379215800268,0.040764135661840915,0.012105174757660434,0.043752655386384245,0.012531769840218804,0.036779442695783135,0.011507179678670192,0.0,0.0,0.09656741309414842,0.699234648302889,0.02835850922010617,0.6304986946383923,0.02985414420283633,0.7121849004425767,0.02799531751822333
[Adult]_SDV_GaussianCoupula_5_1,0.029771134834070546,0.00968188845583835,0.04986038121230274,0.04350719661231403,0.01746639922253677,0.0038121702307761206,0.00381217023077612,0.014157548050164776,0.009622216280700941,0.0015008098899874623,0.0,0.00473595638501121,0.003952772498782709,0.0025771425751525993,0.001956606593345214,0.00168232767569318,0.002455648069704588,0.0019453844860661056,0.04423247716779601,0.016845544326508168,0.07161941000908385,0.11746947525845317,0.019863798218819347,0.08061106532241871,0.016763849561589526,0.07662637235636093,0.016374567382893564,0.0020369887439893285,0.0,0.09136697394957412,0.5119540788981732,0.030921524492082436,0.49302678730939886,0.03092737990491489,0.5109579056566589,0.030922942220069714,0.006336327649872275,0.0,0.028094751972372725,0.0626799469751587,0.01490017184912499,0.043752655386384245,0.012531769840218804,0.05670290752607203,0.01420548015130359,0.0027325363521418927,0.0,0.05601783384542386,0.27287250093470655,0.027541253895869505,0.2599222487950188,0.027116013804192672,0.2708801544516777,0.027477786835218787,0.0,0.0,0.031142711460977114,0.12643503443208318,0.020508803796878448,0.1025268766357365,0.01870286598333736,0.12842738091511205,0.0206473716566736,0.022049996718490887,0.0,0.08825012279587424,0.38145538425978104,0.030045070632283278,0.35057401377283326,0.02951130372035761,0.3675089588785788,0.029820414646310345,0.0,0.0,0.01797146713593891,0.08061106532241871,0.016763849561589526,0.09654983718664982,0.01820460260760241,0.08858045125453427,0.01750602980215925,0.0,0.0,0.029725271105223564,0.2868189263159088,0.02796623017310675,0.2708801544516777,0.027477786835218787,0.30674239114619767,0.028516957825833755,0.07094192768950039,0.0,0.2043441437563688,0.7390815779634667,0.027149803528902297,0.7510356568616401,0.026732098836615696,0.7191581131331778,0.02778818605422888,0.00961721721749908,0.0,0.11304899542550567,0.5896555917363,0.03042715061762914,0.5428354493851211,0.030816246070114486,0.5856708987702423,0.030471219589131043,0.0030336101881379084,0.0,0.013963364367360202,0.01785215110700868,0.007979909104731292,0.01984449759003757,0.008428757580469778,0.014863631382465345,0.007250810993114321,0.010835166749791162,0.0,0.03720354565122916,0.09057279773756316,0.0176845538245557,0.09455749070362093,0.018033765061875623,0.08061106532241871,0.016763849561589526,0.0,0.0,0.0,0.07861871883938983,0.016570811778783914,0.09057279773756316,0.0176845538245557,0.10651156960179428,0.01902378698737744,0.0,0.0,0.010250689813604337,0.043752655386384245,0.012531769840218804,0.04873352159395647,0.013206416487571974,0.05271821456001425,0.01371727178474741,0.09788305580290664,0.0,0.21588758044318504,0.70620786099349,0.02816636879767898,0.6235254819477911,0.029967891989540363,0.6743303172650278,0.028981780789561137
[Adult]_SDV_GaussianCoupula_5_1_2_3,0.0,0.0,0.009832380065573632,0.061369958484006094,0.020686229372248892,0.0038121702307761206,0.00381217023077612,0.0845870791707547,0.024088590497458682,0.0,0.0,0.0014297265017224777,0.001956606593345214,0.00168232767569318,0.002455648069704588,0.0019453844860661056,0.003453731022423335,0.00238542229400942,0.0,0.0,0.01977507837148289,0.08559193152999094,0.017233117852226646,0.07762254559787538,0.016473097526173024,0.09256514422059205,0.017860439848947925,0.0,0.0,0.045844779200939455,0.48107270841122557,0.030908145335632135,0.5458239691096644,0.03079972706547411,0.5029885197245433,0.030929845010266955,0.0,0.0,0.005367290267866391,0.0427564821448698,0.012391511062771495,0.05271821456001425,0.01371727178474741,0.05670290752607203,0.01420548015130359,0.0027703872717902834,0.0,0.057398923623207844,0.282834233349851,0.027848208136310365,0.2399987839647299,0.026400844228972715,0.28084188686682215,0.02778818605422888,0.0,0.0,0.025096691384138357,0.1204579949829965,0.020082810615985915,0.11946182174148205,0.020010263340258783,0.1274312076735976,0.020578296986588494,0.03756334533416892,0.0,0.10287308664730083,0.3874324237088677,0.030133249618166283,0.3675089588785788,0.029820414646310345,0.36352426591252107,0.029751303267595328,0.0,0.0,0.0,0.06566846669970204,0.015232265801472503,0.08061106532241871,0.016763849561589526,0.0915689709790776,0.017772821663994506,0.004292332268540572,0.0,0.06201256521927825,0.30674239114619767,0.028516957825833755,0.2708801544516777,0.027477786835218787,0.3037538714216544,0.028438447099714485,0.0,0.0,0.03666614886025396,0.7191581131331778,0.02778818605422888,0.7301160187898367,0.027445789925250753,0.7510356568616401,0.026732098836615696,0.0,0.0,0.10252700819485666,0.5786976860796411,0.030543382513842077,0.5667436071814678,0.03065252093751049,0.5786976860796411,0.030543382513842077,0.0,0.0,0.005207113245896936,0.00988276517489312,0.00582356935608702,0.012871284899436456,0.0067181108013498175,0.0138674581409509,0.0069898103345473785,0.0,0.0,0.021298017272396698,0.0716455061487887,0.015869142002494653,0.11547712877542428,0.01971547167820735,0.07463402587333204,0.016174999660918676,0.0,0.0,0.0,0.07264167939030315,0.015971984039851672,0.08957662449604871,0.01759562655372786,0.10053453015270761,0.01853908878404223,0.0,0.0,0.01707438983018125,0.04972969483547092,0.013336393814663006,0.05471056104304314,0.01396405579444862,0.05271821456001425,0.01371727178474741,0.11113830246533757,0.0,0.22884201792494874,0.7131810736840911,0.02796623017310675,0.6265140016723344,0.02991996036343892,0.6773188369895712,0.02891204919370519
[Adult]_SDV_GaussianCoupula_5_1_2_3_4,0.0,0.0,0.0029525213353834012,0.04350719661231403,0.01746639922253677,0.0038121702307761206,0.00381217023077612,0.0692674305084349,0.021924169477433992,0.0,0.0,0.0024282571158296597,0.002455648069704588,0.0019453844860661056,0.0009585236406264672,0.0009585236406264671,0.0029546895460639613,0.002176662239012904,0.005494984165532895,0.0,0.03375434309320837,0.09854218366967872,0.01837302187935568,0.07463402587333204,0.016174999660918676,0.0935613174621065,0.017947417894137625,0.03291153366851964,0.0,0.1116741357036212,0.47310332247910997,0.030885443011028683,0.5219158113133178,0.03090055918614965,0.45517220413185,0.030805358133262434,0.010374297071209614,0.0,0.028943168709493684,0.04972969483547092,0.013336393814663006,0.036779442695783135,0.011507179678670192,0.03976796242032647,0.01195895791102384,0.0,0.0,0.03442148944881078,0.2698839812101632,0.027445789925250753,0.23900261072321544,0.026363058247643456,0.2848265798328799,0.027907554742521688,0.004494782364099279,0.0,0.03587574359925786,0.11746947525845317,0.019863798218819347,0.1025268766357365,0.01870286598333736,0.11348478229239539,0.019565241383514318,0.0,0.0,0.06111159652481546,0.38942477019189664,0.03016157422622666,0.3177002968028566,0.028792806776660667,0.3954018096409833,0.03024336390141022,0.0,0.0,0.015257766726753424,0.08858045125453427,0.01750602980215925,0.08459575828847649,0.01714073684557719,0.10053453015270761,0.01853908878404223,0.0,0.0,0.05347433310310103,0.2908036192819666,0.028081584288037392,0.2549413825874466,0.02694430748883472,0.29279596576499545,0.028138271158135653,0.10603676889468264,0.0,0.23586066899414695,0.7480471371370967,0.026839052072705136,0.7261313258237789,0.027572725259049826,0.7181619398916633,0.02781828180187009,0.06147724193195775,0.0,0.16038461802136356,0.6045981903590166,0.03024336390141022,0.5458239691096644,0.03079972706547411,0.5786976860796411,0.030543382513842077,0.002018324918068986,0.0,0.012022580914063209,0.014863631382465345,0.007250810993114321,0.010878938416407566,0.006136877748930503,0.012871284899436456,0.0067181108013498175,0.019211870796506273,0.0,0.04364864119521541,0.08459575828847649,0.01714073684557719,0.12842738091511205,0.0206473716566736,0.06666463994121648,0.015340869372154429,0.04860027275624047,0.02085901937924761,0.07634152613323333,0.12245034146602539,0.020226559176815765,0.11746947525845317,0.019863798218819347,0.07762254559787538,0.016473097526173024,0.0,0.0,0.011243051038887108,0.03976796242032647,0.01195895791102384,0.05072586807698536,0.013464833429624755,0.04674117511092758,0.012941662825295871,0.0,0.0,0.06736695994695467,0.6832958764386577,0.028768501457174717,0.6723379707819989,0.029027518828864597,0.7052116877519756,0.0281943032277116
[Adult]_SDV_GaussianCoupula_5_1_2_3_4_5,0.0,0.0,0.0,0.039537693974160244,0.016646632993867518,0.005796921549853016,0.005443785155293741,0.07679732698303934,0.023023264441504362,0.0,0.0,0.0033851880892960024,0.003453731022423335,0.00238542229400942,0.001956606593345214,0.00168232767569318,0.003453731022423335,0.00238542229400942,0.01208896516417236,0.0,0.0406500780746296,0.10451922311876538,0.01886441311367822,0.06965315966575981,0.01566070185722966,0.0935613174621065,0.017947417894137625,0.0038100991024809005,0.0,0.08722135670253324,0.47908036192819664,0.030903211466385732,0.5159387718642311,0.030914619844033157,0.47708801544516777,0.030897783300238714,0.0,0.0,0.01707438983018125,0.04972969483547092,0.013336393814663006,0.05271821456001425,0.01371727178474741,0.05271821456001425,0.01371727178474741,0.022163098174322424,0.0,0.07666665438846662,0.29678065873105325,0.028249684393073994,0.24896434313835988,0.026732098836615696,0.28084188686682215,0.02778818605422888,0.0,0.0,0.006718792651542398,0.10053453015270761,0.01853908878404223,0.11049626256785205,0.019336229183338285,0.12245034146602539,0.020226559176815765,0.0,0.0,0.06498731210430778,0.37547834481069436,0.02995205057771338,0.33463524190860217,0.029182923034597963,0.3774706912937233,0.029983597892094344,0.0,0.0,0.021572430958093546,0.09057279773756316,0.0176845538245557,0.07961489208090426,0.016667724490168102,0.09654983718664982,0.01820460260760241,0.0,0.0,0.04441270375690366,0.2898074460404521,0.02805299406412127,0.26390694176107654,0.027250081969998178,0.2987730052140821,0.02830441847495171,0.05449151585444669,0.0,0.19814023350942003,0.7580088695522411,0.026475822460949767,0.7291198455483222,0.027477786835218787,0.744062444171039,0.026979018778038488,0.0,0.0,0.09173497509380596,0.5866670720117566,0.030460396048918505,0.5527971818002655,0.030756810498245753,0.5926441114608433,0.030392739986705997,0.0030336101881379084,0.0,0.013963364367360202,0.01785215110700868,0.007979909104731292,0.00789041869186423,0.005137749549987857,0.014863631382465345,0.007250810993114321,0.0,0.0,0.02411524585826974,0.07662637235636093,0.016374567382893564,0.10551539636027983,0.018944368262011745,0.07762254559787538,0.016473097526173024,0.01091797540867736,0.0,0.038453620589221034,0.09754601042816427,0.018289110329767506,0.09256514422059205,0.017860439848947925,0.08758427801301982,0.017415753237259447,0.0,0.0,0.006681406468478861,0.03578326945426869,0.011351920791042379,0.05471056104304314,0.01396405579444862,0.04674117511092758,0.012941662825295871,0.04820428066792866,0.0,0.16886299734770616,0.6852882229216867,0.028719430903688326,0.60758671008356,0.030203064728075144,0.6693494510574556,0.02909500842211398
[Adult]_SDV_GaussianCoupula_2_1_2,,,,,,,,,,0.0,0.0,0.002383834842290773,0.001956606593345214,0.00168232767569318,0.003952772498782709,0.0025771425751525993,0.001956606593345214,0.00168232767569318,0.009858468221893776,0.0,0.03783321326601102,0.09953835691119316,0.01845634538784281,0.07563019911484649,0.016275206530739494,0.09057279773756316,0.0176845538245557,0.0,0.0,0.06828837521597289,0.4890420943433411,0.030922942220069714,0.4890420943433411,0.030922942220069714,0.49900382675848554,0.030930338007761505,0.014434169283618827,0.0,0.03203502656212083,0.047737348352442026,0.013074855589177039,0.0537143878015287,0.013841351517751285,0.0337909229712398,0.011033815112528843,0.0013832775286657956,0.0,0.05588535931807285,0.28084188686682215,0.02778818605422888,0.28084188686682215,0.02778818605422888,0.2798457136253077,0.027757920342342188,0.007910313056700966,0.0,0.04017513863022529,0.12543886119056874,0.02043888781858408,0.11547712877542428,0.01971547167820735,0.11846564849996762,0.019937260880738925,0.0,0.0,0.06158898256290846,0.3714936518446366,0.02988732550052566,0.3236773362519433,0.02893544347669517,0.37547834481069436,0.02995205057771338,0.02497500519368978,0.0,0.05238129652742163,0.10551539636027983,0.018944368262011745,0.09555366394513538,0.018119490371371658,0.0826034118054476,0.0169537902642473,0.0,0.0,0.02393812062623389,0.28183806010833656,0.02781828180187009,0.24996051637987435,0.02676793981157925,0.30574621790468326,0.02849094542370992,0.0,0.0,0.08395616831407562,0.7350968849974089,0.027283146766551834,0.7380854047219523,0.027183411015875358,0.7540241765861834,0.026623427318820385,0.0,0.0,0.046061238253432835,0.59862115090993,0.03032040712300714,0.5796938593211556,0.030533458520064043,0.62551782843082,0.02993607344148917,0.0020122329083391986,0.0,0.010769334624933975,0.011875111657922011,0.006434357212392761,0.018848324348523127,0.008207634491706797,0.00988276517489312,0.00582356935608702,0.015807432101647624,0.0,0.03784929552871096,0.06965315966575981,0.01566070185722966,0.10651156960179428,0.01902378698737744,0.05471056104304314,0.01396405579444862,0.0021812136380493547,0.0,0.02911634875238063,0.08858045125453427,0.01750602980215925,0.1025268766357365,0.01870286598333736,0.08658810477150537,0.017324786231850825,0.0,0.0,0.019847520124897083,0.04972969483547092,0.013336393814663006,0.06666463994121648,0.015340869372154429,0.04972969483547092,0.013336393814663006,0.006495178170790346,0.0,0.1374236347891967,0.6952499553368311,0.028464775326786672,0.6195407889817334,0.03002990466112213,0.6932576088538023,0.028516957825833755
[Adult]_SDV_GaussianCoupula_3_1_2_3_4_5,,,,,,,,,,0.0,0.0,0.001759856464430242,0.001956606593345214,0.00168232767569318,0.0029546895460639613,0.002176662239012904,0.0029546895460639613,0.002176662239012904,0.005494984165532895,0.0,0.03375434309320837,0.09854218366967872,0.01837302187935568,0.07762254559787538,0.016473097526173024,0.0935613174621065,0.017947417894137625,0.0,0.0,0.07918302836496217,0.48107270841122557,0.030908145335632135,0.48804592110182665,0.030921524492082436,0.4840612281357689,0.030914619844033157,0.0,0.0,0.01736406289902718,0.04674117511092758,0.012941662825295871,0.04674117511092758,0.012941662825295871,0.04873352159395647,0.013206416487571974,0.031168659563715864,0.0,0.08354587065601521,0.28781509955742324,0.02799531751822333,0.2688878079686488,0.02741361661020775,0.264903115002591,0.027283146766551834,0.0,0.0,0.033352220415062236,0.1274312076735976,0.020578296986588494,0.10451922311876538,0.01886441311367822,0.1274312076735976,0.020578296986588494,0.0,0.0,0.05382525736154257,0.3784668645352377,0.029999168498210764,0.3445969743237466,0.029392482120901665,0.3884285969503822,0.03014747847319663,0.00760108853720993,0.0,0.034138253277006585,0.08957662449604871,0.01759562655372786,0.08758427801301982,0.017415753237259447,0.0826034118054476,0.0169537902642473,0.0,0.0,0.017467089876823792,0.2688878079686488,0.02741361661020775,0.26291076851956213,0.02721683694019608,0.29678065873105325,0.028249684393073994,0.0,0.0,0.13512077222627195,0.7221466328577212,0.027696876793965982,0.7400777512049812,0.027116013804192672,0.72413897934075,0.027635146636723458,0.016131978782189506,0.0,0.11548138173819636,0.5747129931135833,0.030581799781248715,0.5826823790456989,0.030502917323633208,0.5677397804229822,0.030644125120157004,0.0,0.0,0.0019136244290139538,0.011875111657922011,0.006434357212392761,0.010878938416407566,0.006136877748930503,0.020840670831552017,0.008643785080761109,0.0,0.0,0.015507257685871436,0.07762254559787538,0.016473097526173024,0.11647330201693873,0.01978987022950096,0.08758427801301982,0.017415753237259447,0.006536512149425217,0.0,0.03352402236845845,0.0915689709790776,0.017772821663994506,0.08758427801301982,0.017415753237259447,0.08559193152999094,0.017233117852226646,0.007284679980101415,0.0,0.026238391687888645,0.04972969483547092,0.013336393814663006,0.047737348352442026,0.013074855589177039,0.0427564821448698,0.012391511062771495,0.05556995118561261,0.0,0.1829293848766106,0.7121849004425767,0.02799531751822333,0.6314948678799067,0.029837348072427924,0.6952499553368311,0.028464775326786672
[Adult]_SDV_GaussianCoupula_5_1_2,,,,,,,,,,0.0005005203586306118,0.0,0.003738610236751402,0.003453731022423335,0.00238542229400942,0.003453731022423335,0.00238542229400942,0.0029546895460639613,0.002176662239012904,0.020766826446532927,0.0,0.04892800869318273,0.10750774284330872,0.019102675980257174,0.08061106532241871,0.016763849561589526,0.08858045125453427,0.01750602980215925,0.013918694519128737,0.0,0.10062039048602596,0.5059770394490867,0.030928181085705626,0.5109579056566589,0.030922942220069714,0.49900382675848554,0.030930338007761505,0.0,0.0,0.010663170473015099,0.04574500186941314,0.012806787280994639,0.04674117511092758,0.012941662825295871,0.05471056104304314,0.01396405579444862,0.0,0.0,0.05233802605694628,0.29179979252348104,0.028110009819668574,0.2778533671422788,0.027696876793965982,0.2947883122480244,0.0281943032277116,0.0022964202509613866,0.0,0.03646653603642303,0.13440442036419872,0.02105325970692479,0.10551539636027983,0.018944368262011745,0.13241207388116985,0.020919567679160863,0.0,0.0,0.06123476022064148,0.3585433997049488,0.029661796077199806,0.318696470044371,0.028816959309336563,0.36153191942949214,0.029715917602672844,0.0,0.0,0.008761767302854849,0.07264167939030315,0.015971984039851672,0.08160723856393315,0.01685920046556927,0.08858045125453427,0.01750602980215925,0.0,0.0,0.027699686751453845,0.2668954614856199,0.02734873827118818,0.2868189263159088,0.02796623017310675,0.2868189263159088,0.02796623017310675,0.0,0.0,0.0986805952249901,0.72413897934075,0.027635146636723458,0.7211504596162067,0.027727484109640706,0.7380854047219523,0.027183411015875358,0.0,0.0,0.09888152839223371,0.5707283001475255,0.030618176834568907,0.5737168198720689,0.03059108502336483,0.57172447338904,0.03060927343654224,0.0,0.0,0.008405910583308317,0.0138674581409509,0.0069898103345473785,0.01585980462397979,0.007502229493555868,0.01585980462397979,0.007502229493555868,0.0,0.0,0.008238630036842855,0.07563019911484649,0.016275206530739494,0.09854218366967872,0.01837302187935568,0.09256514422059205,0.017860439848947925,0.0,0.0,0.024990688966957483,0.08160723856393315,0.01685920046556927,0.09654983718664982,0.01820460260760241,0.0826034118054476,0.0169537902642473,0.0,0.0,0.016941927677877215,0.040764135661840915,0.012105174757660434,0.04972969483547092,0.013336393814663006,0.04176030890335536,0.012249335217902597,0.006516340567293407,0.0,0.13774933223121782,0.6962461285783456,0.028438447099714485,0.6474336397441378,0.02954977271419531,0.6942537820953167,0.02849094542370992
